{
  "users": {
    "837537455212986378": {
      "tacos": [
        {
          "id": "FISH",
          "name": "Baja Fish Taco",
          "emoji": "🐟",
          "rarity": "uncommon",
          "type": "Seafood",
          "level": 1,
          "hp": 60,
          "maxHp": 60,
          "attack": 50,
          "defense": 35,
          "xp": 0,
          "xpToNextLevel": 100
        },
        {
          "id": "FISH",
          "name": "Baja Fish Taco",
          "emoji": "🐟",
          "rarity": "uncommon",
          "type": "Seafood",
          "level": 1,
          "hp": 60,
          "maxHp": 60,
          "attack": 50,
          "defense": 35,
          "xp": 0,
          "xpToNextLevel": 100
        },
        {
          "id": "CLASSIC",
          "name": "Classic Beef Taco",
          "emoji": "🌮",
          "rarity": "common",
          "type": "Meaty",
          "level": 1,
          "hp": 50,
          "maxHp": 50,
          "attack": 45,
          "defense": 40,
          "xp": 0,
          "xpToNextLevel": 100
        },
        {
          "id": "CHICKEN",
          "name": "Grilled Chicken Taco",
          "emoji": "🌮",
          "rarity": "common",
          "type": "Meaty",
          "level": 1,
          "hp": 55,
          "maxHp": 55,
          "attack": 42,
          "defense": 45,
          "xp": 0,
          "xpToNextLevel": 100
        },
        {
          "id": "FISH",
          "name": "Baja Fish Taco",
          "emoji": "🐟",
          "rarity": "uncommon",
          "type": "Seafood",
          "level": 1,
          "hp": 60,
          "maxHp": 60,
          "attack": 50,
          "defense": 35,
          "xp": 0,
          "xpToNextLevel": 100
        },
        {
          "id": "RIZZ",
          "name": "Rizzy Taco",
          "emoji": "😏",
          "rarity": "mythic",
          "type": "Rizz",
          "level": 100,
          "hp": 60000000,
          "maxHp": 6000000,
          "attack": 5000000,
          "defense": 3500000,
          "xp": 30,
          "xpToNextLevel": 100
        },
        {
          "id": "Pixel",
          "name": "Pixel",
          "emoji": "🤨",
          "rarity": "mythic",
          "type": "Pixel",
          "level": 10000000000000,
          "hp": 60000000000000,
          "maxHp": 70000000000000,
          "attack": 67676767676766,
          "defense": 6767676767676,
          "xp": 30,
          "xpToNextLevel": 100
        }
      ],
      "coins": 1500000000,
      "catchStreak": 1000000,
      "lastCatch": 1760276176550,
      "battleWins": 10000000,
      "battleLosses": 0,
      "xp": 1325,
      "level": 103
    },
    "842777765246009414": {
      "tacos": [
        
        {
          "id": "FISH",
          "name": "Baja Fish Taco",
          "emoji": "🐟",
          "rarity": "uncommon",
          "type": "Seafood",
          "level": 1,
          "hp": 60,
          "maxHp": 60,
          "attack": 50,
          "defense": 35,
          "xp": 0,
          "xpToNextLevel": 100
        },
        {
          "id": "CHICKEN",
          "name": "Grilled Chicken Taco",
          "emoji": "🌮",
          "rarity": "common",
          "type": "Meaty",
          "level": 1,
          "hp": 55,
          "maxHp": 55,
          "attack": 42,
          "defense": 45,
          "xp": 0,
          "xpToNextLevel": 100
        },
        {
          "id": "FISH",
          "name": "Baja Fish Taco",
          "emoji": "🐟",
          "rarity": "uncommon",
          "type": "Seafood",
          "level": 1,
          "hp": 60,
          "maxHp": 60,
          "attack": 50,
          "defense": 35,
          "xp": 0,
          "xpToNextLevel": 100
        },
        {
          "id": "SHRIMP",
          "name": "Spicy Shrimp Taco",
          "emoji": "🦐",
          "rarity": "uncommon",
          "type": "Seafood",
          "level": 1,
          "hp": 58,
          "maxHp": 58,
          "attack": 55,
          "defense": 38,
          "xp": 0,
          "xpToNextLevel": 100
        },
        {
          "id": "VEGGIE",
          "name": "Garden Veggie Taco",
          "emoji": "🥬",
          "rarity": "common",
          "type": "Veggie",
          "level": 1,
          "hp": 65,
          "maxHp": 65,
          "attack": 35,
          "defense": 50,
          "xp": 0,
          "xpToNextLevel": 100
        },
        {
          "id": "CARNITAS",
          "name": "Slow-Cooked Carnitas Taco",
          "emoji": "🥩",
          "rarity": "rare",
          "type": "Meaty",
          "level": 1,
          "hp": 70,
          "maxHp": 70,
          "attack": 60,
          "defense": 45,
          "xp": 0,
          "xpToNextLevel": 100
        },
        {
          "id": "SHRIMP",
          "name": "Spicy Shrimp Taco",
          "emoji": "🦐",
          "rarity": "uncommon",
          "type": "Seafood",
          "level": 1,
          "hp": 58,
          "maxHp": 58,
          "attack": 55,
          "defense": 38,
          "xp": 0,
          "xpToNextLevel": 100
        },
        {
          "id": "CLASSIC",
          "name": "Classic Beef Taco",
          "emoji": "🌮",
          "rarity": "common",
          "type": "Meaty",
          "level": 1,
          "hp": 50,
          "maxHp": 50,
          "attack": 45,
          "defense": 40,
          "xp": 0,
          "xpToNextLevel": 100
        },
        {
          "id": "CLASSIC",
          "name": "Classic Beef Taco",
          "emoji": "🌮",
          "rarity": "common",
          "type": "Meaty",
          "level": 1,
          "hp": 50,
          "maxHp": 50,
          "attack": 45,
          "defense": 40,
          "xp": 0,
          "xpToNextLevel": 100
        },
        {
          "id": "VEGGIE",
          "name": "Garden Veggie Taco",
          "emoji": "🥬",
          "rarity": "common",
          "type": "Veggie",
          "level": 1,
          "hp": 65,
          "maxHp": 65,
          "attack": 35,
          "defense": 50,
          "xp": 0,
          "xpToNextLevel": 100
        },
        {
          "id": "SHRIMP",
          "name": "Spicy Shrimp Taco",
          "emoji": "🦐",
          "rarity": "uncommon",
          "type": "Seafood",
          "level": 1,
          "hp": 58,
          "maxHp": 58,
          "attack": 55,
          "defense": 38,
          "xp": 0,
          "xpToNextLevel": 100
        },
        {
          "id": "BIRRIA",
          "name": "Legendary Birria Taco",
          "emoji": "🔥",
          "rarity": "rare",
          "type": "Meaty",
          "level": 1,
          "hp": 75,
          "maxHp": 75,
          "attack": 65,
          "defense": 50,
          "xp": 0,
          "xpToNextLevel": 100
        },
        {
          "id": "CLASSIC",
          "name": "Classic Beef Taco",
          "emoji": "🌮",
          "rarity": "common",
          "type": "Meaty",
          "level": 1,
          "hp": 50,
          "maxHp": 50,
          "attack": 45,
          "defense": 40,
          "xp": 0,
          "xpToNextLevel": 100
        }
      ],
      "coins": 230,
      "catchStreak": 1,
      "lastCatch": 1760276292622,
      "battleWins": 0,
      "battleLosses": 0,
      "xp": 70,
      "level": 1
    }
  }
}